28 Fév. 2022; #SION #HORTENSIA, les #MVOG-ADA #SANTE #ATHERA #AHALA, d' #GRANDE PHARMACIE LYONNAISE #OYOM ABANG #7 COLLINES #TERANGA, la #ACACIAS, des #BRUXELLOISE #BAYARD #RELAIS DE NKOMO, le #DEO GRACIAS #ODZA, d'
01 Mar. 2022; #URBAINE #CRYSTALLIS, le #MEMORIAL, le #BON BERGER, le #CHAPELLE, de la #NSAM EFOULAN #KETCHY #ELOBI #LAC, du #GET BETTER #655 33 16 36 / #VOLUNTAS DEI #EMANA, d' #TONGOLO #GOD'S GLORY PHARMACY Sarl #MINKAN, de
02 Mar. 2022; #20 MAI, du #GOLF, du #BOTANIK #POPULAIRE #REFERENCE, la #ESSELE #JOURDAIN, le #SOTOWNEK #CARREFOUR EMIA #BIYEM-ASSI, de #MELEN 8 #DIGNITE #PALAIS #STATOISE #SAINTE ELISABETH de NKOMO #MESSAMENDONGO #SAINTE URIEL
03 Mar. 2022; #MFOUNDI, du #GRANDE PHARMACIE DES LUMIERES #CHATEAU DE MIMBOMAN, du #CITE, de la #ROSEE, la #CAPUCINES, des #MONGALE #GLOIRE #691 11 59 91 #FIDELITE, de la #ETOILE, de l' #NSIMEYONG #CANA #NOBEL #EKOUNOU #HELIANA'S PHY #MINDILI #MATURITE
04 Mar. 2022; #MOISSON, de la #ECOLE de POLICE #GENEVOISE #679 69 27 80 #COLOMBE #LYCEE BILINGUE, du #SIFA #PROVIDENCE, de la #CYPRES, du #MANDELA #BEATO MEMASO #UNIVERSELLE #OLEMBE #MANGUIERS, des #THERIAQUE #SANTE & VIE #CYGNE ODZA, le #EKOUMDOUM
05 Mar. 2022; #PETALES, des #ALLIANCE #NOTRE DAME #242 08 37 52 #PROVINCIALE #ARCHE, de l' #ELIG-EDZOA, d' #STADE, du #NSAM EFOULAN #MOLIVA #BLED, du #MESSA #JERUSALEM #SIMBOCK #BEATITUDES, les #WORLD PHARMACY #ETOUDI, d' #PERSEVERANCE, la #SAINT VICTOR ESSOMBA #ODZA, d'
07 Mar. 2022; #SAINT MARTIN #TSINGA, de #ISIS #BON BERGER, le #CHAPELLE, de la #NKONDONGO #MOLIVA #BLED, du #LAC, du #GET BETTER #OBILI CHAPELLE #CENTRE MESSASSI (Ydé), du #BLEUE PLUS #PERSEVERANCE, la #SAINT VICTOR ESSOMBA #GOD'S GLORY PHARMACY Sarl #MINKAN, de
08 Mar. 2022; #INTENDANCE, de l' #BRIQUE, de la #MVOG-ADA #POPULAIRE #REFERENCE, la #AHALA, d' #GRANDE PHARMACIE LYONNAISE #OYOM ABANG #CARREFOUR EMIA #GRACE, de la #ACACIAS, des #BRUXELLOISE #BAYARD #RELAIS DE NKOMO, le #DEO GRACIAS #MESSAMENDONGO #SAINTE URIEL #
09 Mar. 2022; #SOLEIL, du #CONGRES, des #242 17 49 48 #MEMORIAL, le #CITE, de la #ROSEE, la #NSAM EFOULAN #KETCHY #ELOBI #FIDELITE, de la #SIMBA'A #VOLUNTAS DEI #EMANA, d' #TONGOLO #MINDILI #MATURITE
10 Mar. 2022; #CAMEROUNAISE #K'FOUR MOTO GEORGES #BOTANIK #COLOMBE #LYCEE BILINGUE, du #ESSELE #JOURDAIN, le #SOTOWNEK #MANDELA #JOUVENCE, de la #MELEN 8 #DIGNITE #PALAIS #STATOISE #222 30 05 55 #SAINTE ELISABETH de NKOMO #CYGNE ODZA, le #EKOUMDOUM
11 Mar. 2022; #FRANCAISE #ALLIANCE #CHATEAU DE MIMBOMAN, du #ELIG-EDZOA, d' #STADE, du #CAPUCINES, des #MONGALE #GLOIRE #MESSA #SIMBOCK #NSIMEYONG #CANA #NOBEL #EKOUNOU #HELIANA'S PHY #ODZA, d'
12 Mar. 2022; #BIEN ETRE, du #222 20 25 19 #2000 #VERSET, du #NATIONS, des #GENEVOISE #679 69 27 80 #SANTE #ATHERA #SIFA #PROVIDENCE, de la #CYPRES, du #QUEENS #TERANGA, la #UNIVERSELLE #OLEMBE #MANGUIERS, des #THERIAQUE #SANTE & VIE #GOD'S GLORY PHARMACY Sarl #MINKAN, de
14 Mar. 2022; #MARCHE, du (Yaoundé) #PROVINCIALE #CAPITALE, de la #POPULAIRE #REFERENCE, la #EFOULAN #PROVIDENCE, de la #CYPRES, du #CARREFOUR EMIA #BIYEM-ASSI, de #BETHESDA #HERMES #ETOUDI, d' #THERIAQUE #SANTE & VIE #MESSAMENDONGO #SAINTE URIEL
15 Mar. 2022; #XAVYO #NOTRE DAME #242 08 37 52 #ISIS #CITE, de la #ROSEE, la #NKONDONGO #MOLIVA #BLED, du #FIDELITE, de la #ETOILE, de l' #OBILI CHAPELLE #CENTRE MESSASSI (Ydé), du #BLEUE PLUS #PERSEVERANCE, la #SAINT VICTOR ESSOMBA #MINDILI #MATURITE
16 Mar. 2022; #URBAINE #2000 #MVOG-ADA #COLOMBE #LYCEE BILINGUE, du #AHALA, d' #GRANDE PHARMACIE LYONNAISE #OYOM ABANG #MANDELA #BEATO MEMASO #ACACIAS, des #BRUXELLOISE #BAYARD #RELAIS DE NKOMO, le #DEO GRACIAS #CYGNE ODZA, le #EKOUMDOUM
17 Mar. 2022; #SION #VERSET, du #MEMORIAL, le #ELIG-EDZOA, d' #STADE, du #NSAM EFOULAN #KETCHY #ELOBI #MESSA #JERUSALEM #VOLUNTAS DEI #EMANA, d' #222 21 42 94 #TONGOLO #ODZA, d'
18 Mar. 2022; #MFOUNDI, du #NATIONS, des #BOTANIK #SANTE #ATHERA #ESSELE #JOURDAIN, le #SOTOWNEK #QUEENS #GRACE, de la #MELEN 8 #DIGNITE #PALAIS #STATOISE #222 30 05 55 #SAINTE ELISABETH de NKOMO #GOD'S GLORY PHARMACY Sarl #MINKAN, de #673 49 07 17
19 Mar. 2022; #20 MAI, du #ECOLE de POLICE #GRANDE PHARMACIE DES LUMIERES #TSINGA, de #CHATEAU DE MIMBOMAN, du #BON BERGER, le #CHAPELLE, de la #CAPUCINES, des #MONGALE #GLOIRE #SAINTE BERNADETTE #GET BETTER #655 33 16 36 / #NSIMEYONG #CANA #NOBEL #EKOUNOU #HELIANA'S PHY #MESSAMENDONGO #SAINTE URIEL
21 Mar. 2022; #PETALES, des #BIWOLE ABONDO #MONTESQUIEU #CITE, de la #ROSEE, la #CODEX #MONGALE #GLOIRE #FIDELITE, de la #SIMBA'A #ELITE #WORLD PHARMACY #MANGUIERS, des #EKOUNOU #HELIANA'S PHY #MINDILI #MATURITE
22 Mar. 2022; #MOISSON, de la #BASTOS #CAPITALE, de la #COLOMBE #LYCEE BILINGUE, du #EFOULAN #PROVIDENCE, de la #CYPRES, du #MANDELA #JOUVENCE, de la #BETHESDA #HERMES #ETOUDI, d' #THERIAQUE #SANTE & VIE #CYGNE ODZA, le #EKOUMDOUM
23 Mar. 2022; #SAINT MARTIN #EMMANUEL #ISIS #ELIG-EDZOA, d' #STADE, du #NKONDONGO #MOLIVA #BLED, du #MESSA #SIMBOCK #OBILI CHAPELLE #CENTRE MESSASSI (Ydé), du #BLEUE PLUS #PERSEVERANCE, la #SAINT VICTOR ESSOMBA #ODZA, d'
24 Mar. 2022; #INTENDANCE, de l' #ALLIANCE #MVOG-ADA #SANTE #ATHERA #AHALA, d' #GRANDE PHARMACIE LYONNAISE #OYOM ABANG #QUEENS #TERANGA, la #ACACIAS, des #BRUXELLOISE #BAYARD #RELAIS DE NKOMO, le #DEO GRACIAS #GOD'S GLORY PHARMACY Sarl #MINKAN, de #673 49 07 17
25 Mar. 2022; #SOLEIL, du #PROVINCIALE #MEMORIAL, le #BON BERGER, le #CHAPELLE, de la #NSAM EFOULAN #KETCHY #ELOBI #SAINTE BERNADETTE #ETOILE, de l' #VOLUNTAS DEI #EMANA, d' #TONGOLO #MESSAMENDONGO #SAINTE URIEL
26 Mar. 2022; #CAMEROUNAISE #HORTENSIA, les #CRYSTALLIS, le #GOLF, du #BOTANIK #POPULAIRE #REFERENCE, la #ESSELE #JOURDAIN, le #SOTOWNEK #ROYALE #BIYEM-ASSI, de #GRACE, de la #MELEN 8 #DIGNITE #PALAIS #STATOISE #SAINTE ELISABETH de NKOMO #MINDILI #MATURITE
28 Mar. 2022; #FRANCAISE #NOTRE DAME #242 08 37 52 #FLECHE, la #COLOMBE #LYCEE BILINGUE, du #MVOG ATANGANA MBALLA #JOURDAIN, le #SOTOWNEK #MANDELA #BEATO MEMASO #PRINCIPALE #OLEMBE #NOBEL #STATOISE #222 30 05 55 #SAINTE ELISABETH de NKOMO #CYGNE ODZA, le #EKOUMDOUM
29 Mar. 2022; #BIEN ETRE, du #GRANDE PHARMACIE DES LUMIERES #MONTESQUIEU #ELIG-EDZOA, d' #STADE, du #CODEX #MONGALE #GLOIRE #691 11 59 91 #MESSA #JERUSALEM #ELITE #WORLD PHARMACY #MANGUIERS, des #EKOUNOU #HELIANA'S PHY #ODZA, d'
30 Mar. 2022; #MARCHE, du (Yaoundé) #ECOLE de POLICE #CAPITALE, de la #SANTE #ATHERA #EFOULAN #242 06 74 26 #PROVIDENCE, de la #CYPRES, du #QUEENS #BETHESDA #HERMES #ETOUDI, d' #THERIAQUE #SANTE & VIE #GOD'S GLORY PHARMACY Sarl #MINKAN, de
31 Mar. 2022; #XAVYO #TSINGA, de #ISIS #BON BERGER, le #CHAPELLE, de la #NKONDONGO #MOLIVA #BLED, du #SAINTE BERNADETTE #GET BETTER #OBILI CHAPELLE #CENTRE MESSASSI (Ydé), du #BLEUE PLUS #PERSEVERANCE, la #SAINT VICTOR ESSOMBA #MESSAMENDONGO #SAINTE URIEL
01 Avr. 2022; #URBAINE #HORTENSIA, les #MVOG-ADA #POPULAIRE #REFERENCE, la #AHALA, d' #GRANDE PHARMACIE LYONNAISE #OYOM ABANG #ROYALE #BIYEM-ASSI, de #ACACIAS, des #BRUXELLOISE #BAYARD #RELAIS DE NKOMO, le #DEO GRACIAS #MINDILI #MATURITE
02 Avr. 2022; #SION #BRIQUE, de la #CONGRES, des #K'FOUR MOTO GEORGES #MEMORIAL, le #CITE, de la #ROSEE, la #NSAM EFOULAN #KETCHY #ELOBI #UNIVERSITE, de l' #SIMBA'A #ETOILE, de l' #VOLUNTAS DEI #EMANA, d' #TONGOLO #CYGNE ODZA, le #EKOUMDOUM #
04 Avr. 2022; #MFOUNDI, du #CRYSTALLIS, le #BALANCE, la #ELIG-EDZOA, d' #STADE, du #OLEZOA #KETCHY #ELOBI #MESSA #SIMBOCK #BEATITUDES, les #CANA #PALAIS #ODZA, d'
05 Avr. 2022; #20 MAI, du #GOLF, du #FLECHE, la #SANTE #ATHERA #MVOG ATANGANA MBALLA #JOURDAIN, le #SOTOWNEK #QUEENS #TERANGA, la #PRINCIPALE #OLEMBE #NOBEL #STATOISE #222 30 05 55 #SAINTE ELISABETH de NKOMO #GOD'S GLORY PHARMACY Sarl #MINKAN, de #673 49 07 17
06 Avr. 2022; #PETALES, des #2000 #MONTESQUIEU #BON BERGER, le #CHAPELLE, de la #CODEX #MONGALE #GLOIRE #SAINTE BERNADETTE #JERUSALEM #ELITE #WORLD PHARMACY #MANGUIERS, des #EKOUNOU #HELIANA'S PHY #MESSAMENDONGO #SAINTE URIEL
07 Avr. 2022; #MOISSON, de la #VERSET, du #CAPITALE, de la #POPULAIRE #REFERENCE, la #EFOULAN #PROVIDENCE, de la #CYPRES, du #ROYALE #GRACE, de la #BETHESDA #HERMES #ETOUDI, d' #THERIAQUE #SANTE & VIE #MINDILI #MATURITE
08 Avr. 2022; #SAINT MARTIN #NATIONS, des #ISIS #CITE, de la #ROSEE, la #NKONDONGO #MOLIVA #BLED, du #UNIVERSITE, de l' #SIMBA'A #OBILI CHAPELLE #CENTRE MESSASSI (Ydé), du #BLEUE PLUS #PERSEVERANCE, la #SAINT VICTOR ESSOMBA #CYGNE ODZA, le #EKOUMDOUM
09 Avr. 2022; #INTENDANCE, de l' #BASTOS #BIWOLE ABONDO #EMMANUEL #MVOG-ADA #COLOMBE #LYCEE BILINGUE, du #AHALA, d' #GRANDE PHARMACIE LYONNAISE #OYOM ABANG #SAINT ANDRÉ CHATEAU #671 93 66 78 #JOUVENCE, de la #BEATO MEMASO #ACACIAS, des #BRUXELLOISE #BAYARD #RELAIS DE NKOMO, le #DEO GRACIAS #ODZA, d' #
11 Avr. 2022; #SOLEIL, du #BRIQUE, de la #AUMACHA #SANTE #ATHERA #SIFA #GRANDE PHARMACIE LYONNAISE #OYOM ABANG #QUEENS #TERANGA, la #UNIVERSELLE #DIGNITE #TONGOLO #RELAIS DE NKOMO, le #DEO GRACIAS #GOD'S GLORY PHARMACY Sarl #MINKAN, de #673 49 07 17
12 Avr. 2022; #CAMEROUNAISE #CONGRES, des #BALANCE, la #BON BERGER, le #CHAPELLE, de la #OLEZOA #KETCHY #ELOBI #SAINTE BERNADETTE #BIYEM-ASSI, de #BEATITUDES, les #CANA #PALAIS #MESSAMENDONGO #SAINTE URIEL
13 Avr. 2022; #FRANCAISE #K'FOUR MOTO GEORGES #FLECHE, la #POPULAIRE #REFERENCE, la #MVOG ATANGANA MBALLA #JOURDAIN, le #SOTOWNEK #ROYALE #GRACE, de la #PRINCIPALE #OLEMBE #NOBEL #STATOISE #222 30 05 55 #SAINTE ELISABETH de NKOMO #MINDILI #MATURITE
14 Avr. 2022; #BIEN ETRE, du #BIWOLE ABONDO #MONTESQUIEU #CITE, de la #ROSEE, la #CODEX #MONGALE #GLOIRE #691 11 59 91 #UNIVERSITE, de l' #JOUVENCE, de la #ELITE #WORLD PHARMACY #MANGUIERS, des #EKOUNOU #HELIANA'S PHY #CYGNE ODZA, le #EKOUMDOUM
15 Avr. 2022; #MARCHE, du (Yaoundé) #BASTOS #CAPITALE, de la #COLOMBE #LYCEE BILINGUE, du #EFOULAN #242 06 74 26 #PROVIDENCE, de la #CYPRES, du #SAINT ANDRÉ CHATEAU #SIMBA'A #BETHESDA #HERMES #ETOUDI, d' #THERIAQUE #222 30 63 25 #SANTE & VIE #ODZA, d'
16 Avr. 2022; #XAVYO #ALLIANCE #NOTRE DAME #242 08 37 52 #PROVINCIALE #ISIS #ELIG-EDZOA, d' #STADE, du #NKONDONGO #MOLIVA #BLED, du #VIE, de la #JERUSALEM #SIMBOCK #OBILI CHAPELLE #CENTRE MESSASSI (Ydé), du #BLEUE PLUS #PERSEVERANCE, la #SAINT VICTOR ESSOMBA #GOD'S GLORY PHARMACY Sarl #MINKAN, de #673 49 07 17
18 Avr. 2022; #SION #EMMANUEL #ARCHE, de l' #BON BERGER, le #CHAPELLE, de la #SIFA #MOLIVA #BLED, du #SAINTE BERNADETTE #GET BETTER #NSIMEYONG #EMANA, d' #BAYARD #PERSEVERANCE, la #SAINT VICTOR ESSOMBA #MESSAMENDONGO #SAINTE URIEL
19 Avr. 2022; #URBAINE #BRIQUE, de la #AUMACHA #POPULAIRE #REFERENCE, la #CAPUCINES, des #GRANDE PHARMACIE LYONNAISE #OYOM ABANG #ROYALE #BIYEM-ASSI, de #UNIVERSELLE #DIGNITE #TONGOLO #RELAIS DE NKOMO, le #DEO GRACIAS #MINDILI #MATURITE #
20 Avr. 2022; #20 MAI, du #CONGRES, des #BALANCE, la #CITE, de la #ROSEE, la #OLEZOA #KETCHY #ELOBI #SAINT ANDRÉ CHATEAU #ETOILE, de l' #BEATITUDES, les #CANA #PALAIS #CYGNE ODZA, le #EKOUMDOUM
21 Avr. 2022; #MFOUNDI, du #K'FOUR MOTO GEORGES #FLECHE, la #COLOMBE #LYCEE BILINGUE, du #MVOG ATANGANA MBALLA #JOURDAIN, le #SOTOWNEK #UNIVERSITE, de l' #BEATO MEMASO #PRINCIPALE #OLEMBE #NOBEL #STATOISE #SAINTE ELISABETH de NKOMO #243 15 30 58 #ODZA, d' #
22 Avr. 2022; #MOISSON, de la #HORTENSIA, les #MONTESQUIEU #ELIG-EDZOA, d' #STADE, du #CODEX #MONGALE #GLOIRE #VIE, de la #JERUSALEM #ELITE #WORLD PHARMACY #MANGUIERS, des #EKOUNOU #HELIANA'S PHY #GOD'S GLORY PHARMACY Sarl #MINKAN, de
23 Avr. 2022; #PETALES, des #2000 #VERSET, du #NATIONS, des #CAPITALE, de la #SANTE #ATHERA #EFOULAN #242 06 74 26 #PROVIDENCE, de la #CYPRES, du #7 COLLINES #TERANGA, la #BETHESDA #HERMES #ETOUDI, d' #THERIAQUE #222 30 63 25 #SANTE & VIE #MESSAMENDONGO #SAINTE URIEL
25 Avr. 2022; #INTENDANCE, de l' #CRYSTALLIS, le #GENEVOISE #679 69 27 80 #POPULAIRE #REFERENCE, la #CAPUCINES, des #PROVIDENCE, de la #CYPRES, du #ROYALE #GRACE, de la #MELEN 8 #BRUXELLOISE #BLEUE PLUS #THERIAQUE #SANTE & VIE #MINDILI #MATURITE
26 Avr. 2022; #SAINT MARTIN #GOLF, du #ARCHE, de l' #CITE, de la #ROSEE, la #SIFA #MOLIVA #BLED, du #UNIVERSITE, de l' #SIMBA'A #NSIMEYONG #EMANA, d' #222 21 42 94 #BAYARD #PERSEVERANCE, la #SAINT VICTOR ESSOMBA #CYGNE ODZA, le #EKOUMDOUM #
27 Avr. 2022; #CAMEROUNAISE #BIWOLE ABONDO #AUMACHA #COLOMBE #LYCEE BILINGUE, du #AHALA, d' #GRANDE PHARMACIE LYONNAISE #OYOM ABANG #SAINT ANDRÉ CHATEAU #JOUVENCE, de la #UNIVERSELLE #DIGNITE #TONGOLO #RELAIS DE NKOMO, le #DEO GRACIAS #ODZA, d'
28 Avr. 2022; #SOLEIL, du #BASTOS #BALANCE, la #ELIG-EDZOA, d' #STADE, du #OLEZOA #KETCHY #ELOBI #VIE, de la #SIMBOCK #BEATITUDES, les #CANA #PALAIS #GOD'S GLORY PHARMACY Sarl #MINKAN, de #
29 Avr. 2022; #FRANCAISE #EMMANUEL #FLECHE, la #SANTE #ATHERA #MVOG ATANGANA MBALLA #JOURDAIN, le #SOTOWNEK #7 COLLINES #TERANGA, la #PRINCIPALE #OLEMBE #NOBEL #STATOISE #222 30 05 55 #SAINTE ELISABETH de NKOMO #MESSAMENDONGO #SAINTE URIEL
30 Avr. 2022; #BIEN ETRE, du #ECOLE de POLICE #GRANDE PHARMACIE DES LUMIERES #TSINGA, de #MONTESQUIEU #BON BERGER, le #242 60 67 77 #CHAPELLE, de la #CODEX #MONGALE #GLOIRE #691 11 59 91 #LAC, du #GET BETTER #ELITE #WORLD PHARMACY #MANGUIERS, des #EKOUNOU #HELIANA'S PHY #MINDILI #MATURITE
02 Mai 2022; #XAVYO #2000 #CHATEAU DE MIMBOMAN, du #CITE, de la #ROSEE, la #ESSELE #MONGALE #GLOIRE #UNIVERSITE, de l' #ETOILE, de l' #VOLUNTAS DEI #CENTRE MESSASSI (Ydé), du #ETOUDI, d' #EKOUNOU #HELIANA'S PHY #CYGNE ODZA, le #EKOUMDOUM
03 Mai 2022; #MARCHE, du (Yaoundé) #VERSET, du #GENEVOISE #COLOMBE #LYCEE BILINGUE, du #CAPUCINES, des #PROVIDENCE, de la #CYPRES, du #SAINT ANDRÉ CHATEAU #BEATO MEMASO #MELEN 8 #BRUXELLOISE #BLEUE PLUS #THERIAQUE #SANTE & VIE #ODZA, d'
04 Mai 2022; #SION #NATIONS, des #ARCHE, de l' #ELIG-EDZOA, d' #STADE, du #SIFA #MOLIVA #BLED, du #VIE, de la #JERUSALEM #NSIMEYONG #EMANA, d' #BAYARD #PERSEVERANCE, la #SAINT VICTOR ESSOMBA #GOD'S GLORY PHARMACY Sarl #MINKAN, de #673 49 07 17
05 Mai 2022; #URBAINE #GRANDE PHARMACIE DES LUMIERES #AUMACHA #SANTE #ATHERA #EFOULAN #GRANDE PHARMACIE LYONNAISE #OYOM ABANG #7 COLLINES #SIMBA'A #UNIVERSELLE #DIGNITE #TONGOLO #RELAIS DE NKOMO, le #DEO GRACIAS #MESSAMENDONGO #SAINTE URIEL #
06 Mai 2022; #20 MAI, du #ECOLE de POLICE #BALANCE, la #BON BERGER, le #242 60 67 77 #CHAPELLE, de la #OLEZOA #KETCHY #ELOBI #LAC, du #GET BETTER #BEATITUDES, les #CANA #PALAIS #MINDILI #MATURITE
07 Mai 2022; #MFOUNDI, du #HORTENSIA, les #CRYSTALLIS, le #GOLF, du #FLECHE, la #POPULAIRE #REFERENCE, la #MVOG ATANGANA MBALLA #JOURDAIN, le #SOTOWNEK #CARREFOUR EMIA #BIYEM-ASSI, de #GRACE, de la #PRINCIPALE #OLEMBE #NOBEL #STATOISE #SAINTE ELISABETH de NKOMO #CYGNE ODZA, le #EKOUMDOUM #
09 Mai 2022; #MOISSON, de la #TSINGA, de #BOTANIK #COLOMBE #LYCEE BILINGUE, du #NSAM EFOULAN #JOURDAIN, le #SOTOWNEK #242 67 51 15 #SAINT ANDRÉ CHATEAU #JOUVENCE, de la #ACACIAS, des #HERMES #MANGUIERS, des #STATOISE #SAINTE ELISABETH de NKOMO #243 15 30 58 #ODZA, d'
10 Mai 2022; #PETALES, des #ALLIANCE #CHATEAU DE MIMBOMAN, du #ELIG-EDZOA, d' #STADE, du #ESSELE #MONGALE #GLOIRE #VIE, de la #JERUSALEM #VOLUNTAS DEI #CENTRE MESSASSI (Ydé), du #ETOUDI, d' #EKOUNOU #HELIANA'S PHY #695 46 94 08 #GOD'S GLORY PHARMACY Sarl #MINKAN, de
11 Mai 2022; #INTENDANCE, de l' #PROVINCIALE #GENEVOISE #SANTE #ATHERA #CAPUCINES, des #PROVIDENCE, de la #CYPRES, du #7 COLLINES #TERANGA, la #MELEN 8 #BRUXELLOISE #BLEUE PLUS #THERIAQUE #222 30 63 25 #SANTE & VIE #MESSAMENDONGO #SAINTE URIEL
12 Mai 2022; #SAINT MARTIN #NOTRE DAME #242 08 37 52 #ARCHE, de l' #BON BERGER, le #CHAPELLE, de la #SIFA #MOLIVA #BLED, du #LAC, du #BEATO MEMASO #NSIMEYONG #EMANA, d' #BAYARD #PERSEVERANCE, la #SAINT VICTOR ESSOMBA #MINDILI #MATURITE
13 Mai 2022; #CAMEROUNAISE #2000 #AUMACHA #POPULAIRE #REFERENCE, la #MVOG ATANGANA MBALLA #GRANDE PHARMACIE LYONNAISE #OYOM ABANG #CARREFOUR EMIA #GRACE, de la #UNIVERSELLE #DIGNITE #TONGOLO #RELAIS DE NKOMO, le #DEO GRACIAS #CYGNE ODZA, le #EKOUMDOUM
14 Mai 2022; #SOLEIL, du #BRIQUE, de la #CONGRES, des #K'FOUR MOTO GEORGES #BALANCE, la #CITE, de la #ROSEE, la #OLEZOA #KETCHY #ELOBI #FIDELITE, de la #SIMBA'A #ETOILE, de l' #BEATITUDES, les #CANA #PALAIS #ODZA, d'
16 Mai 2022; #BIEN ETRE, du #VERSET, du #MEMORIAL, le #ELIG-EDZOA, d' #STADE, du #AHALA, d' #KETCHY #ELOBI #VIE, de la #JERUSALEM #OBILI CHAPELLE #WORLD PHARMACY #NOBEL #GOD'S GLORY PHARMACY Sarl #MINKAN, de
17 Mai 2022; #FRANCAISE #NATIONS, des #BOTANIK #SANTE #ATHERA #NSAM EFOULAN #JOURDAIN, le #SOTOWNEK #7 COLLINES #SIMBOCK #ACACIAS, des #HERMES #MANGUIERS, des #STATOISE #222 30 05 55 #SAINTE ELISABETH de NKOMO #MESSAMENDONGO #SAINTE URIEL
18 Mai 2022; #XAVYO #HORTENSIA, les #CHATEAU DE MIMBOMAN, du #BON BERGER, le #CHAPELLE, de la #ESSELE #MONGALE #GLOIRE #LAC, du #VOLUNTAS DEI #CENTRE MESSASSI (Ydé), du #ETOUDI, d' #EKOUNOU #HELIANA'S PHY #695 46 94 08 #MINDILI #MATURITE
19 Mai 2022; #MARCHE, du (Yaoundé) #CRYSTALLIS, le #GENEVOISE #POPULAIRE #REFERENCE, la #CAPUCINES, des #PROVIDENCE, de la #CYPRES, du #CARREFOUR EMIA #GRACE, de la #MELEN 8 #BRUXELLOISE #BLEUE PLUS #THERIAQUE #SANTE & VIE #CYGNE ODZA, le #EKOUMDOUM #
20 Mai 2022; #SION #GOLF, du #ARCHE, de l' #CITE, de la #ROSEE, la #SIFA #MOLIVA #BLED, du #FIDELITE, de la #SIMBA'A #NSIMEYONG #EMANA, d' #BAYARD #PERSEVERANCE, la #SAINT VICTOR ESSOMBA #ODZA, d'
21 Mai 2022; #URBAINE #BASTOS #BIWOLE ABONDO #EMMANUEL #AUMACHA #680 82 25 57 #COLOMBE #LYCEE BILINGUE, du #CODEX #GRANDE PHARMACIE LYONNAISE #OYOM ABANG #MANDELA #JOUVENCE, de la #BEATO MEMASO #UNIVERSELLE #DIGNITE #TONGOLO #RELAIS DE NKOMO, le #DEO GRACIAS #GOD'S GLORY PHARMACY Sarl #MINKAN, de
23 Mai 2022; #20 MAI, du #GRANDE PHARMACIE DES LUMIERES #MVOG-ADA #SANTE #ATHERA #NKONDONGO #GRANDE PHARMACIE LYONNAISE #OYOM ABANG #7 COLLINES #TERANGA, la #BETHESDA #OLEMBE #PALAIS #RELAIS DE NKOMO, le #DEO GRACIAS #MESSAMENDONGO #SAINTE URIEL
24 Mai 2022; #MFOUNDI, du #ECOLE de POLICE #MEMORIAL, le #BON BERGER, le #CHAPELLE, de la #AHALA, d' #KETCHY #ELOBI #LAC, du #GET BETTER #OBILI CHAPELLE #WORLD PHARMACY #NOBEL #MINDILI #MATURITE
25 Mai 2022; #MOISSON, de la #TSINGA, de #BOTANIK #POPULAIRE #REFERENCE, la #NSAM EFOULAN #JOURDAIN, le #SOTOWNEK #CARREFOUR EMIA #BIYEM-ASSI, de #ACACIAS, des #HERMES #MANGUIERS, des #STATOISE #222 30 05 55 #SAINTE ELISABETH de NKOMO #CYGNE ODZA, le #EKOUMDOUM
26 Mai 2022; #PETALES, des #BIWOLE ABONDO #CHATEAU DE MIMBOMAN, du #CITE, de la #ROSEE, la #ESSELE #MONGALE #GLOIRE #691 11 59 91 #FIDELITE, de la #ETOILE, de l' #VOLUNTAS DEI #CENTRE MESSASSI (Ydé), du #ETOUDI, d' #EKOUNOU #HELIANA'S PHY #ODZA, d' #
27 Mai 2022; #INTENDANCE, de l' #BASTOS #GENEVOISE #COLOMBE #LYCEE BILINGUE, du #CAPUCINES, des #PROVIDENCE, de la #CYPRES, du #MANDELA #BEATO MEMASO #MELEN 8 #BRUXELLOISE #BLEUE PLUS #THERIAQUE #222 30 63 25 #SANTE & VIE #GOD'S GLORY PHARMACY Sarl #MINKAN, de
28 Mai 2022; #SAINT MARTIN #ALLIANCE #NOTRE DAME #242 08 37 52 #PROVINCIALE #ARCHE, de l' #ELIG-EDZOA, d' #STADE, du #SIFA #MOLIVA #BLED, du #MESSA #JERUSALEM #SIMBOCK #NSIMEYONG #EMANA, d' #BAYARD #PERSEVERANCE, la #SAINT VICTOR ESSOMBA #MESSAMENDONGO #SAINTE URIEL
30 Mai 2022; #CAMEROUNAISE #EMMANUEL #ISIS #BON BERGER, le #CHAPELLE, de la #EFOULAN #242 06 74 26 #MOLIVA #BLED, du #LAC, du #GET BETTER #ELITE #CANA #TONGOLO #PERSEVERANCE, la #SAINT VICTOR ESSOMBA #MINDILI #MATURITE
31 Mai 2022; #SOLEIL, du #BRIQUE, de la #MVOG-ADA #POPULAIRE #REFERENCE, la #NKONDONGO #GRANDE PHARMACIE LYONNAISE #OYOM ABANG #CARREFOUR EMIA #GRACE, de la #BETHESDA #OLEMBE #PALAIS #RELAIS DE NKOMO, le #DEO GRACIAS #CYGNE ODZA, le #EKOUMDOUM
01 Juin 2022; #BIEN ETRE, du #CONGRES, des #242 17 49 48 #MEMORIAL, le #CITE, de la #ROSEE, la #AHALA, d' #KETCHY #ELOBI #FIDELITE, de la #SIMBA'A #OBILI CHAPELLE #WORLD PHARMACY #NOBEL #ODZA, d'
02 Juin 2022; #FRANCAISE #K'FOUR MOTO GEORGES #BOTANIK #COLOMBE #LYCEE BILINGUE, du #NSAM EFOULAN #JOURDAIN, le #SOTOWNEK #MANDELA #JOUVENCE, de la #ACACIAS, des #HERMES #MANGUIERS, des #STATOISE #222 30 05 55 #SAINTE ELISABETH de NKOMO #243 15 30 58 #GOD'S GLORY PHARMACY Sarl #MINKAN, de
03 Juin 2022; #XAVYO #ALLIANCE #CHATEAU DE MIMBOMAN, du #ELIG-EDZOA, d' #STADE, du #ESSELE #MONGALE #GLOIRE #MESSA #SIMBOCK #VOLUNTAS DEI #CENTRE MESSASSI (Ydé), du #ETOUDI, d' #EKOUNOU #HELIANA'S PHY #MESSAMENDONGO #SAINTE URIEL
04 Juin 2022; #MARCHE, du (Yaoundé) #2000 #VERSET, du #NATIONS, des #GENEVOISE #679 69 27 80 #SANTE #ATHERA #CAPUCINES, des #PROVIDENCE, de la #CYPRES, du #QUEENS #TERANGA, la #MELEN 8 #BRUXELLOISE #BLEUE PLUS #THERIAQUE #SANTE & VIE #MINDILI #MATURITE
06 Juin 2022; #SION #PROVINCIALE #CAPITALE, de la #POPULAIRE #REFERENCE, la #CODEX #PROVIDENCE, de la #CYPRES, du #CARREFOUR EMIA #BIYEM-ASSI, de #PRINCIPALE #DIGNITE #BAYARD #THERIAQUE #SANTE & VIE #CYGNE ODZA, le #EKOUMDOUM
07 Juin 2022; #URBAINE #NOTRE DAME #242 08 37 52 #ISIS #CITE, de la #ROSEE, la #EFOULAN #MOLIVA #BLED, du #FIDELITE, de la #ETOILE, de l' #ELITE #CANA #TONGOLO #PERSEVERANCE, la #SAINT VICTOR ESSOMBA #ODZA, d'
08 Juin 2022; #20 MAI, du #BIWOLE ABONDO #MVOG-ADA #COLOMBE #LYCEE BILINGUE, du #NKONDONGO #GRANDE PHARMACIE LYONNAISE #OYOM ABANG #MANDELA #BEATO MEMASO #BETHESDA #OLEMBE #PALAIS #RELAIS DE NKOMO, le #DEO GRACIAS #GOD'S GLORY PHARMACY Sarl #MINKAN, de #673 49 07 17
09 Juin 2022; #MFOUNDI, du #BASTOS #MEMORIAL, le #ELIG-EDZOA, d' #STADE, du #AHALA, d' #KETCHY #ELOBI #MESSA #JERUSALEM #OBILI CHAPELLE #WORLD PHARMACY #NOBEL #MESSAMENDONGO #SAINTE URIEL
10 Juin 2022; #MOISSON, de la #EMMANUEL #BOTANIK #SANTE #ATHERA #NSAM EFOULAN #JOURDAIN, le #SOTOWNEK #QUEENS #GRACE, de la #ACACIAS, des #HERMES #MANGUIERS, des #STATOISE #222 30 05 55 #SAINTE ELISABETH de NKOMO #MINDILI #MATURITE
11 Juin 2022; #PETALES, des #ECOLE de POLICE #GRANDE PHARMACIE DES LUMIERES #TSINGA, de #CHATEAU DE MIMBOMAN, du #BON BERGER, le #CHAPELLE, de la #ESSELE #MONGALE #GLOIRE #SAINTE BERNADETTE #GET BETTER #655 33 16 36 / #VOLUNTAS DEI #CENTRE MESSASSI (Ydé), du #ETOUDI, d' #EKOUNOU #HELIANA'S PHY #CYGNE ODZA, le #EKOUMDOUM
13 Juin 2022; #SAINT MARTIN #BRIQUE, de la #MONTESQUIEU #CITE, de la #ROSEE, la #MVOG ATANGANA MBALLA #MONGALE #GLOIRE #FIDELITE, de la #SIMBA'A #BEATITUDES, les #EMANA, d' #BLEUE PLUS #EKOUNOU #HELIANA'S PHY #695 46 94 08 #ODZA, d'
14 Juin 2022; #INTENDANCE, de l' #CONGRES, des #242 17 49 48 #CAPITALE, de la #COLOMBE #LYCEE BILINGUE, du #CODEX #PROVIDENCE, de la #CYPRES, du #MANDELA #JOUVENCE, de la #PRINCIPALE #DIGNITE #BAYARD #THERIAQUE #222 30 63 25 #SANTE & VIE #GOD'S GLORY PHARMACY Sarl #MINKAN, de
15 Juin 2022; #SOLEIL, du #K'FOUR MOTO GEORGES #ISIS #ELIG-EDZOA, d' #STADE, du #EFOULAN #MOLIVA #BLED, du #MESSA #SIMBOCK #ELITE #CANA #TONGOLO #PERSEVERANCE, la #SAINT VICTOR ESSOMBA #MESSAMENDONGO #SAINTE URIEL
16 Juin 2022; #CAMEROUNAISE #GRANDE PHARMACIE DES LUMIERES #MVOG-ADA #SANTE #ATHERA #NKONDONGO #GRANDE PHARMACIE LYONNAISE #OYOM ABANG #QUEENS #TERANGA, la #BETHESDA #OLEMBE #PALAIS #RELAIS DE NKOMO, le #DEO GRACIAS #MINDILI #MATURITE
17 Juin 2022; #FRANCAISE #ECOLE de POLICE #MEMORIAL, le #BON BERGER, le #242 60 67 77 #CHAPELLE, de la #AHALA, d' #KETCHY #ELOBI #SAINTE BERNADETTE #ETOILE, de l' #OBILI CHAPELLE #WORLD PHARMACY #NOBEL #CYGNE ODZA, le #EKOUMDOUM
18 Juin 2022; #BIEN ETRE, du #HORTENSIA, les #CRYSTALLIS, le #GOLF, du #BOTANIK #POPULAIRE #REFERENCE, la #NSAM EFOULAN #JOURDAIN, le #SOTOWNEK #ROYALE #BIYEM-ASSI, de #GRACE, de la #ACACIAS, des #HERMES #MANGUIERS, des #STATOISE #SAINTE ELISABETH de NKOMO #ODZA, d'
20 Juin 2022; #MARCHE, du (Yaoundé) #TSINGA, de #FLECHE, la #COLOMBE #LYCEE BILINGUE, du #OLEZOA #JOURDAIN, le #SOTOWNEK #MANDELA #BEATO MEMASO #UNIVERSELLE #BRUXELLOISE #ETOUDI, d' #STATOISE #SAINTE ELISABETH de NKOMO #243 15 30 58 #GOD'S GLORY PHARMACY Sarl #MINKAN, de
21 Juin 2022; #XAVYO #ALLIANCE #MONTESQUIEU #ELIG-EDZOA, d' #STADE, du #MVOG ATANGANA MBALLA #MONGALE #GLOIRE #MESSA #JERUSALEM #BEATITUDES, les #EMANA, d' #222 21 42 94 #BLEUE PLUS #EKOUNOU #HELIANA'S PHY #MESSAMENDONGO #SAINTE URIEL
22 Juin 2022; #URBAINE #PROVINCIALE #CAPITALE, de la #SANTE #ATHERA #CODEX #PROVIDENCE, de la #CYPRES, du #QUEENS #JOUVENCE, de la #PRINCIPALE #DIGNITE #BAYARD #THERIAQUE #222 30 63 25 #SANTE & VIE #MINDILI #MATURITE
23 Juin 2022; #SION #NOTRE DAME #242 08 37 52 #ISIS #BON BERGER, le #242 60 67 77 #CHAPELLE, de la #EFOULAN #MOLIVA #BLED, du #SAINTE BERNADETTE #GET BETTER #ELITE #CANA #TONGOLO #PERSEVERANCE, la #SAINT VICTOR ESSOMBA #CYGNE ODZA, le #EKOUMDOUM
24 Juin 2022; #MFOUNDI, du #2000 #MVOG-ADA #POPULAIRE #REFERENCE, la #NKONDONGO #GRANDE PHARMACIE LYONNAISE #OYOM ABANG #ROYALE #BIYEM-ASSI, de #BETHESDA #OLEMBE #PALAIS #RELAIS DE NKOMO, le #DEO GRACIAS #ODZA, d'
25 Juin 2022; #20 MAI, du #BRIQUE, de la #CONGRES, des #K'FOUR MOTO GEORGES #MEMORIAL, le #CITE, de la #ROSEE, la #AHALA, d' #KETCHY #ELOBI #UNIVERSITE, de l' #SIMBA'A #ETOILE, de l' #OBILI CHAPELLE #WORLD PHARMACY #NOBEL #GOD'S GLORY PHARMACY Sarl #MINKAN, de
27 Juin 2022; #PETALES, des #VERSET, du #BALANCE, la #ELIG-EDZOA, d' #STADE, du #OLEZOA #KETCHY #ELOBI #MESSA #SIMBOCK #NSIMEYONG #CENTRE MESSASSI (Ydé), du #MANGUIERS, des #MESSAMENDONGO #SAINTE URIEL
28 Juin 2022; #MOISSON, de la #NATIONS, des #FLECHE, la #SANTE #ATHERA #OLEZOA #JOURDAIN, le #SOTOWNEK #242 67 51 15 #QUEENS #TERANGA, la #UNIVERSELLE #BRUXELLOISE #ETOUDI, d' #STATOISE #SAINTE ELISABETH de NKOMO #MINDILI #MATURITE
29 Juin 2022; #SAINT MARTIN #HORTENSIA, les #MONTESQUIEU #BON BERGER, le #CHAPELLE, de la #MVOG ATANGANA MBALLA #MONGALE #GLOIRE #SAINTE BERNADETTE #JERUSALEM #BEATITUDES, les #EMANA, d' #BLEUE PLUS #EKOUNOU #HELIANA'S PHY #CYGNE ODZA, le #EKOUMDOUM
30 Juin 2022; #INTENDANCE, de l' #CRYSTALLIS, le #CAPITALE, de la #POPULAIRE #REFERENCE, la #CODEX #PROVIDENCE, de la #CYPRES, du #ROYALE #GRACE, de la #PRINCIPALE #DIGNITE #BAYARD #THERIAQUE #SANTE & VIE #ODZA, d' #
01 Juil. 2022; #SOLEIL, du #GOLF, du #ISIS #CITE, de la #ROSEE, la #EFOULAN #242 06 74 26 #MOLIVA #BLED, du #UNIVERSITE, de l' #SIMBA'A #ELITE #CANA #TONGOLO #PERSEVERANCE, la #SAINT VICTOR ESSOMBA #GOD'S GLORY PHARMACY Sarl #MINKAN, de
02 Juil. 2022; #CAMEROUNAISE #BASTOS #BIWOLE ABONDO #EMMANUEL #MVOG-ADA #COLOMBE #LYCEE BILINGUE, du #NKONDONGO #GRANDE PHARMACIE LYONNAISE #OYOM ABANG #SAINT ANDRÉ CHATEAU #JOUVENCE, de la #BEATO MEMASO #BETHESDA #OLEMBE #PALAIS #RELAIS DE NKOMO, le #DEO GRACIAS #MESSAMENDONGO #SAINTE URIEL